{
	"id": "GeometryContentModel2D.json",
	"allOf": [{"$ref": "[object Object].json"}],
	"required": [],
	"definitions": {
		"array": {
			"type": "array",
			"items": {"$ref": "#"}
		},
		"possibleRef": {
			"oneOf": [
				{"$ref": "#"},
				{
					"type": "string",
					"format": "uri",
					"links": [{
						"rel": "full",
						"href": "{+$}"
					}]
				}
			]
		},
		"possibleRefArray": {
			"oneOf": [
				{
					"type": "string",
					"format": "uri",
					"links": [{
						"rel": "full",
						"href": "{+$}"
					}]
				},
				{
					"type": "array",
					"items": {"$ref": "#/definitions/possibleRef"}
				}
			]
		}
	},
	"format": "GeometryContentModel2D",
	"media": {"type": "application/json;profile=GeometryContentModel2D"}
}