{
	"id": "X3DDamperNode.json",
	"allOf": [
		{"$ref": "globalAttributes.json"},
		{"$ref": "DEF_USE.json"},
		{"$ref": "[object Object].json"},
		{"$ref": "X3DNode.json"},
		{"$ref": "X3DChildNode.json"},
		{"$ref": "X3DFollowerNode.json"}
	],
	"type": "object",
	"required": [],
	"properties": {
		"DEF": {
			"oneOf": [
				{"allOf": [{"$ref": "xsd$string.json#/definitions/possibleRef"}]},
				{
					"type": "array",
					"items": {"allOf": [{"$ref": "xsd$string.json#/definitions/possibleRef"}]},
					"additionalItems": false
				}
			]
		},
		"USE": {
			"oneOf": [
				{"allOf": [{"$ref": "xsd$string.json#/definitions/possibleRef"}]},
				{
					"type": "array",
					"items": {"allOf": [{"$ref": "xsd$string.json#/definitions/possibleRef"}]},
					"additionalItems": false
				}
			]
		},
		"class": {
			"oneOf": [
				{"allOf": [{"$ref": "xsd$NMTOKENS.json#/definitions/possibleRef"}]},
				{
					"type": "array",
					"items": {"allOf": [{"$ref": "xsd$NMTOKENS.json#/definitions/possibleRef"}]},
					"additionalItems": false
				}
			]
		},
		"containerField": {
			"oneOf": [
				{"allOf": [{"$ref": "xsd$NMTOKEN.json#/definitions/possibleRef"}]},
				{
					"type": "array",
					"items": {"allOf": [{"$ref": "xsd$NMTOKEN.json#/definitions/possibleRef"}]},
					"additionalItems": false
				}
			]
		},
		"tau": {
			"oneOf": [
				{"$ref": "#/definitions/tau"},
				{
					"type": "array",
					"items": {"$ref": "#/definitions/tau"},
					"minItems": 0
				}
			]
		},
		"tolerance": {
			"oneOf": [
				{"allOf": [{"$ref": "xsd$string.json#/definitions/possibleRef"}]},
				{
					"type": "array",
					"items": {"allOf": [{"$ref": "xsd$string.json#/definitions/possibleRef"}]},
					"additionalItems": false
				}
			]
		},
		"order": {
			"oneOf": [
				{"$ref": "#/definitions/order"},
				{
					"type": "array",
					"items": {"$ref": "#/definitions/order"},
					"minItems": 0
				}
			]
		}
	},
	"definitions": {
		"array": {
			"type": "array",
			"items": {"$ref": "#"}
		},
		"possibleRef": {
			"oneOf": [
				{"$ref": "#"},
				{
					"type": "string",
					"format": "uri",
					"links": [{
						"rel": "full",
						"href": "{+$}"
					}]
				}
			]
		},
		"possibleRefArray": {
			"oneOf": [
				{
					"type": "string",
					"format": "uri",
					"links": [{
						"rel": "full",
						"href": "{+$}"
					}]
				},
				{
					"type": "array",
					"items": {"$ref": "#/definitions/possibleRef"}
				}
			]
		},
		"DEF": {
			"title": "",
			"description": "",
			"anyOf": []
		},
		"USE": {
			"title": "",
			"description": "",
			"anyOf": []
		},
		"class": {
			"title": "",
			"description": "",
			"anyOf": []
		},
		"containerField": {
			"title": "",
			"description": "",
			"anyOf": []
		},
		"tau": {
			"title": "",
			"description": "",
			"anyOf": []
		},
		"tolerance": {
			"title": "",
			"description": "",
			"anyOf": []
		},
		"order": {
			"title": "",
			"description": "",
			"anyOf": []
		}
	},
	"format": "X3DDamperNode",
	"media": {"type": "application/json;profile=X3DDamperNode"}
}