{
	"id": "X3DProgrammableShaderObject.json",
	"allOf": [{"$ref": "globalAttributes.json"}, {"$ref": "DEF_USE.json"}, {"$ref": "[object Object].json"}],
	"type": "object",
	"required": [],
	"properties": {
		"DEF": {
			"oneOf": [
				{"allOf": [{"$ref": "xsd$string.json#/definitions/possibleRef"}]},
				{
					"type": "array",
					"items": {"allOf": [{"$ref": "xsd$string.json#/definitions/possibleRef"}]},
					"additionalItems": false
				}
			]
		},
		"USE": {
			"oneOf": [
				{"allOf": [{"$ref": "xsd$string.json#/definitions/possibleRef"}]},
				{
					"type": "array",
					"items": {"allOf": [{"$ref": "xsd$string.json#/definitions/possibleRef"}]},
					"additionalItems": false
				}
			]
		},
		"class": {
			"oneOf": [
				{"allOf": [{"$ref": "xsd$NMTOKENS.json#/definitions/possibleRef"}]},
				{
					"type": "array",
					"items": {"allOf": [{"$ref": "xsd$NMTOKENS.json#/definitions/possibleRef"}]},
					"additionalItems": false
				}
			]
		}
	},
	"definitions": {
		"array": {
			"type": "array",
			"items": {"$ref": "#"}
		},
		"possibleRef": {
			"oneOf": [
				{"$ref": "#"},
				{
					"type": "string",
					"format": "uri",
					"links": [{
						"rel": "full",
						"href": "{+$}"
					}]
				}
			]
		},
		"possibleRefArray": {
			"oneOf": [
				{
					"type": "string",
					"format": "uri",
					"links": [{
						"rel": "full",
						"href": "{+$}"
					}]
				},
				{
					"type": "array",
					"items": {"$ref": "#/definitions/possibleRef"}
				}
			]
		},
		"DEF": {
			"title": "",
			"description": "",
			"anyOf": []
		},
		"USE": {
			"title": "",
			"description": "",
			"anyOf": []
		},
		"class": {
			"title": "",
			"description": "",
			"anyOf": []
		}
	},
	"format": "X3DProgrammableShaderObject",
	"media": {"type": "application/json;profile=X3DProgrammableShaderObject"}
}